# id ,created_at,updated_at,deleted_at,content,review,minutes,goal_id ,mission_id,user_id
5,2019/9/23 6:01,2019/9/23 6:07,NULL,独立记录1,感觉不错,0,NULL,NULL,1
6,2019/9/23 6:01,2019/9/23 6:07,NULL,独立记录2,感觉不错,0,NULL,NULL,1
7,2019/9/23 6:01,2019/9/23 6:07,NULL,独立记录3,感觉不错,0,NULL,NULL,1
8,2019/9/23 6:01,2019/9/23 6:07,NULL,独立记录4,感觉不错,0,NULL,NULL,1
9,2019/9/23 6:01,2019/9/23 6:07,NULL,独立记录5,感觉不错,0,NULL,NULL,1
10,2019/9/23 6:01,2019/9/23 6:07,NULL,独立记录6,感觉不错,0,NULL,NULL,1
11,2019/9/23 6:01,2019/9/23 6:07,NULL,独立记录7,感觉不错,0,NULL,NULL,1
12,2019/9/23 6:01,2019/9/23 6:07,NULL,独立记录8,感觉不错,0,NULL,NULL,1
13,2019/9/23 6:01,2019/9/23 6:07,NULL,独立记录9,感觉不错,0,NULL,NULL,1
14,2019/9/23 6:01,2019/9/23 6:07,NULL,独立记录10,感觉不错,0,NULL,NULL,1
15,2019/9/23 6:01,2019/9/23 6:07,NULL,独立记录11,感觉不错,0,NULL,NULL,1
16,2019/9/23 6:01,2019/9/23 6:07,NULL,独立记录12,感觉不错,0,NULL,NULL,1
17,2019/9/23 6:01,2019/9/23 6:07,NULL,独立记录13,感觉不错,0,NULL,NULL,1
18,2019/9/23 6:01,2019/9/23 6:07,NULL,独立记录14,感觉不错,0,NULL,NULL,1
19,2019/9/23 6:01,2019/9/23 6:07,NULL,独立记录15,感觉不错,0,NULL,NULL,1
20,2019/9/23 6:01,2019/9/23 6:07,NULL,独立记录16,感觉不错,0,NULL,NULL,1
21,2019/9/23 6:01,2019/9/23 6:07,NULL,独立记录17,感觉不错,0,NULL,NULL,1
22,2019/9/23 6:01,2019/9/23 6:07,NULL,独立记录18,感觉不错,0,NULL,NULL,1